Time(s),CH1V,CH2V,CH3V,CH4V
-1.000000e-03,1.249267e-01,7.933333e-04,3.733333e-04,1.333333e-04
-9.980000e-04,2.577667e-01,9.066667e-04,7.200000e-04,7.066667e-04
-9.960000e-04,2.903133e-01,2.133333e-04,4.866667e-04,3.600000e-04
-9.940000e-04,2.989733e-01,7.933333e-04,2.666667e-05,4.800000e-04
-9.920000e-04,2.998933e-01,5.600000e-04,7.200000e-04,8.200000e-04
-9.900000e-04,3.010467e-01,5.600000e-04,2.600000e-04,7.066667e-04
-9.880000e-04,3.005867e-01,9.066667e-04,4.866667e-04,-5.533333e-04
-9.860000e-04,3.009333e-01,4.400000e-04,3.733333e-04,2.000000e-05
-9.840000e-04,3.012800e-01,6.733334e-04,2.666667e-05,2.466667e-04
-9.820000e-04,3.010467e-01,2.133333e-04,-8.666667e-05,-5.533333e-04
-9.800000e-04,3.005867e-01,5.600000e-04,1.400000e-04,3.600000e-04
-9.780000e-04,3.018600e-01,6.733334e-04,9.466666e-04,1.333333e-04
-9.760000e-04,3.010467e-01,7.933333e-04,-8.666667e-05,4.800000e-04
-9.740000e-04,3.010467e-01,9.066667e-04,9.466666e-04,2.000000e-05
-9.720000e-04,3.008200e-01,5.600000e-04,3.733333e-04,7.066667e-04
-9.700000e-04,3.015133e-01,-2.000000e-05,9.466666e-04,2.466667e-04
-9.680000e-04,3.017400e-01,1.020000e-03,1.400000e-04,-2.133333e-04
-9.660000e-04,3.016267e-01,6.733334e-04,7.200000e-04,4.800000e-04
-9.640000e-04,3.012800e-01,5.600000e-04,1.400000e-04,1.333333e-04
-9.620000e-04,3.018600e-01,4.400000e-04,3.733333e-04,3.600000e-04
-9.600000e-04,3.016267e-01,5.600000e-04,3.733333e-04,2.466667e-04
-9.580000e-04,3.018600e-01,6.733334e-04,4.866667e-04,2.466667e-04
-9.560000e-04,3.011667e-01,1.140000e-03,3.733333e-04,3.600000e-04
-9.540000e-04,3.015133e-01,4.400000e-04,4.866667e-04,1.513333e-03
-9.520000e-04,3.016267e-01,6.733334e-04,3.733333e-04,1.333333e-04
-9.500000e-04,3.017400e-01,3.266667e-04,4.866667e-04,4.800000e-04
-9.480000e-04,3.012800e-01,-2.000000e-05,4.866667e-04,3.600000e-04
-9.460000e-04,3.015133e-01,4.400000e-04,7.200000e-04,4.800000e-04
-9.440000e-04,3.015133e-01,7.933333e-04,-2.000000e-04,1.333333e-04
-9.420000e-04,3.013933e-01,6.733334e-04,1.400000e-04,4.800000e-04
-9.400000e-04,3.016267e-01,4.400000e-04,8.333334e-04,2.000000e-05
-9.380000e-04,3.017400e-01,5.600000e-04,7.200000e-04,8.200000e-04
-9.360000e-04,3.016267e-01,6.733334e-04,-3.200000e-04,4.800000e-04
-9.340000e-04,3.015133e-01,5.600000e-04,3.733333e-04,-4.400000e-04
-9.320000e-04,3.008200e-01,7.933333e-04,1.180000e-03,3.600000e-04
-9.300000e-04,3.018600e-01,-2.000000e-05,6.000000e-04,1.393333e-03
-9.280000e-04,3.011667e-01,5.600000e-04,3.733333e-04,2.000000e-05
-9.260000e-04,3.011667e-01,2.133333e-04,3.733333e-04,-9.333334e-05
-9.240000e-04,3.008200e-01,9.066667e-04,-2.000000e-04,3.600000e-04
-9.220000e-04,3.009333e-01,-1.333333e-04,7.200000e-04,3.600000e-04
-9.200000e-04,3.010467e-01,1.020000e-03,1.400000e-04,3.600000e-04
-9.180000e-04,3.018600e-01,4.400000e-04,4.866667e-04,-4.400000e-04
-9.160000e-04,3.013933e-01,5.600000e-04,3.733333e-04,2.466667e-04
-9.140000e-04,3.020867e-01,9.333334e-05,2.600000e-04,2.000000e-05
-9.120000e-04,3.015133e-01,6.733334e-04,6.000000e-04,4.800000e-04
-9.100000e-04,3.018600e-01,3.266667e-04,6.000000e-04,2.466667e-04
-9.080000e-04,3.013933e-01,1.020000e-03,-5.466667e-04,2.000000e-05
-9.060000e-04,3.015133e-01,4.400000e-04,7.200000e-04,2.000000e-05
-9.040000e-04,3.011667e-01,6.733334e-04,3.733333e-04,-9.333334e-05
-9.020000e-04,3.019733e-01,3.266667e-04,6.000000e-04,-9.333334e-05
-9.000000e-04,3.011667e-01,7.933333e-04,-3.200000e-04,-4.400000e-04
-8.980000e-04,3.012800e-01,3.266667e-04,-2.000000e-04,-1.013333e-03
-8.960000e-04,3.007067e-01,9.333334e-05,4.866667e-04,2.000000e-05
-8.940000e-04,3.012800e-01,7.933333e-04,7.200000e-04,1.393333e-03
-8.920000e-04,3.009333e-01,9.066667e-04,2.600000e-04,-5.533333e-04
-8.900000e-04,3.016267e-01,2.133333e-04,9.466666e-04,-4.400000e-04
-8.880000e-04,3.013933e-01,-2.000000e-05,1.400000e-04,4.800000e-04
-8.860000e-04,3.012800e-01,7.933333e-04,6.000000e-04,3.600000e-04
-8.840000e-04,3.013933e-01,7.933333e-04,6.000000e-04,2.466667e-04
-8.820000e-04,3.020867e-01,3.266667e-04,3.733333e-04,1.166667e-03
-8.800000e-04,3.018600e-01,6.733334e-04,-3.200000e-04,1.333333e-04
-8.780000e-04,3.015133e-01,4.400000e-04,3.733333e-04,2.466667e-04
-8.760000e-04,3.010467e-01,7.933333e-04,2.600000e-04,5.933333e-04
-8.740000e-04,3.022067e-01,9.333334e-05,3.733333e-04,-5.533333e-04
-8.720000e-04,3.010467e-01,3.266667e-04,1.060000e-03,5.933333e-04
-8.700000e-04,3.016267e-01,3.266667e-04,9.466666e-04,4.800000e-04
-8.680000e-04,3.009333e-01,6.733334e-04,-2.000000e-04,4.800000e-04
-8.660000e-04,3.010467e-01,2.133333e-04,3.733333e-04,-9.333334e-05
-8.640000e-04,3.005867e-01,5.600000e-04,-2.000000e-04,5.933333e-04
-8.620000e-04,3.015133e-01,-2.000000e-05,7.200000e-04,4.800000e-04
-8.600000e-04,3.010467e-01,1.020000e-03,2.666667e-05,-7.866666e-04
-8.580000e-04,3.016267e-01,2.133333e-04,-2.000000e-04,8.200000e-04
-8.560000e-04,3.013933e-01,1.020000e-03,-8.666667e-05,2.466667e-04
-8.540000e-04,3.017400e-01,2.133333e-04,3.733333e-04,2.000000e-05
-8.520000e-04,3.011667e-01,7.933333e-04,-2.000000e-04,2.000000e-05
-8.500000e-04,3.019733e-01,3.266667e-04,3.733333e-04,5.933333e-04
-8.480000e-04,3.010467e-01,9.066667e-04,1.400000e-04,2.000000e-05
-8.460000e-04,3.016267e-01,3.266667e-04,1.400000e-04,4.800000e-04
-8.440000e-04,3.016267e-01,6.733334e-04,-8.666667e-05,4.800000e-04
-8.420000e-04,3.018600e-01,4.400000e-04,2.600000e-04,-5.533333e-04
-8.400000e-04,3.015133e-01,1.140000e-03,-8.666667e-05,-9.333334e-05
-8.380000e-04,3.019733e-01,5.600000e-04,6.000000e-04,1.393333e-03
-8.360000e-04,3.011667e-01,6.733334e-04,2.666667e-05,4.800000e-04
-8.340000e-04,3.017400e-01,2.133333e-04,4.866667e-04,3.600000e-04
-8.320000e-04,3.015133e-01,1.020000e-03,2.600000e-04,2.000000e-05
-8.300000e-04,3.012800e-01,3.266667e-04,7.200000e-04,-3.266667e-04
-8.280000e-04,3.010467e-01,1.020000e-03,4.866667e-04,-2.133333e-04
-8.260000e-04,3.015133e-01,5.600000e-04,9.466666e-04,2.466667e-04
-8.240000e-04,3.011667e-01,5.600000e-04,1.060000e-03,2.466667e-04
-8.220000e-04,3.016267e-01,5.600000e-04,1.293333e-03,7.066667e-04
-8.200000e-04,3.016267e-01,6.733334e-04,6.000000e-04,-3.266667e-04
-8.180000e-04,3.015133e-01,4.400000e-04,1.400000e-04,-9.333334e-05
-8.160000e-04,3.011667e-01,1.140000e-03,8.333334e-04,1.333333e-04
-8.140000e-04,3.022067e-01,3.266667e-04,3.733333e-04,-4.400000e-04
-8.120000e-04,3.019733e-01,7.933333e-04,2.600000e-04,1.333333e-04
-8.100000e-04,3.016267e-01,6.733334e-04,8.333334e-04,1.280000e-03
-8.080000e-04,3.010467e-01,4.400000e-04,1.400000e-04,-3.266667e-04
-8.060000e-04,3.018600e-01,1.020000e-03,4.866667e-04,2.466667e-04
-8.040000e-04,3.008200e-01,7.933333e-04,2.666667e-05,8.200000e-04
-8.020000e-04,3.015133e-01,6.733334e-04,4.866667e-04,-9.333334e-05
-8.000000e-04,3.008200e-01,4.400000e-04,-8.666667e-05,3.600000e-04
-7.980000e-04,3.018600e-01,2.133333e-04,1.400000e-04,-5.533333e-04
-7.960000e-04,3.010467e-01,9.066667e-04,-8.933333e-04,-5.533333e-04
-7.940000e-04,3.017400e-01,5.600000e-04,8.333334e-04,3.600000e-04
-7.920000e-04,3.016267e-01,5.600000e-04,8.333334e-04,1.333333e-04
-7.900000e-04,3.012800e-01,4.400000e-04,2.666667e-05,2.000000e-05
-7.880000e-04,3.013933e-01,5.600000e-04,3.733333e-04,2.466667e-04
-7.860000e-04,3.020867e-01,2.133333e-04,-2.000000e-04,-4.400000e-04
-7.840000e-04,3.011667e-01,1.020000e-03,2.600000e-04,3.600000e-04
-7.820000e-04,3.011667e-01,5.600000e-04,4.866667e-04,1.333333e-04
-7.800000e-04,3.010467e-01,1.020000e-03,1.400000e-04,-3.266667e-04
-7.780000e-04,3.009333e-01,2.133333e-04,7.200000e-04,1.333333e-04
-7.760000e-04,3.007067e-01,4.400000e-04,7.200000e-04,8.200000e-04
-7.740000e-04,3.010467e-01,7.933333e-04,7.200000e-04,2.466667e-04
-7.720000e-04,3.013933e-01,7.933333e-04,-8.666667e-05,-9.333334e-05
-7.700000e-04,3.018600e-01,5.600000e-04,2.666667e-05,1.333333e-04
-7.680000e-04,3.011667e-01,1.140000e-03,-8.666667e-05,2.466667e-04
-7.660000e-04,3.012800e-01,7.933333e-04,3.733333e-04,-1.013333e-03
-7.640000e-04,3.011667e-01,6.733334e-04,-8.666667e-05,2.000000e-05
-7.620000e-04,3.013933e-01,9.066667e-04,3.733333e-04,2.000000e-05
-7.600000e-04,3.004733e-01,7.933333e-04,9.466666e-04,8.200000e-04
-7.580000e-04,3.020867e-01,5.600000e-04,1.060000e-03,4.800000e-04
-7.560000e-04,3.017400e-01,5.600000e-04,2.666667e-05,5.933333e-04
-7.540000e-04,3.018600e-01,4.400000e-04,2.600000e-04,2.466667e-04
-7.520000e-04,3.013933e-01,9.066667e-04,2.666667e-05,5.933333e-04
-7.500000e-04,3.018600e-01,-6.000000e-04,2.600000e-04,4.800000e-04
-7.480000e-04,3.012800e-01,2.133333e-04,2.666667e-05,-9.333334e-05
-7.460000e-04,3.011667e-01,9.066667e-04,7.200000e-04,2.466667e-04
-7.440000e-04,3.011667e-01,9.066667e-04,4.866667e-04,2.000000e-05
-7.420000e-04,3.017400e-01,9.333334e-05,9.466666e-04,2.000000e-05
-7.400000e-04,3.016267e-01,5.600000e-04,-2.000000e-04,2.466667e-04
-7.380000e-04,3.017400e-01,4.400000e-04,9.466666e-04,-2.133333e-04
-7.360000e-04,3.013933e-01,6.733334e-04,3.733333e-04,1.333333e-04
-7.340000e-04,3.019733e-01,2.133333e-04,-2.000000e-04,2.466667e-04
-7.320000e-04,3.017400e-01,9.066667e-04,6.000000e-04,8.200000e-04
-7.300000e-04,3.017400e-01,5.600000e-04,1.400000e-04,-9.333334e-05
-7.280000e-04,3.015133e-01,7.933333e-04,4.866667e-04,2.466667e-04
-7.260000e-04,3.016267e-01,5.600000e-04,3.733333e-04,-9.333334e-05
-7.240000e-04,3.019733e-01,9.066667e-04,1.400000e-04,-3.266667e-04
-7.220000e-04,3.018600e-01,4.400000e-04,7.200000e-04,-4.400000e-04
-7.200000e-04,3.010467e-01,7.933333e-04,6.000000e-04,2.466667e-04
-7.180000e-04,3.013933e-01,9.066667e-04,7.200000e-04,2.000000e-05
-7.160000e-04,3.001267e-01,6.733334e-04,4.866667e-04,2.466667e-04
-7.140000e-04,3.013933e-01,4.400000e-04,-8.666667e-05,-4.400000e-04
-7.120000e-04,3.022067e-01,9.066667e-04,4.866667e-04,7.066667e-04
-7.100000e-04,3.016267e-01,2.133333e-04,7.200000e-04,2.466667e-04
-7.080000e-04,3.011667e-01,1.020000e-03,3.733333e-04,-9.333334e-05
-7.060000e-04,3.013933e-01,7.933333e-04,6.000000e-04,1.740000e-03
-7.040000e-04,3.011667e-01,1.140000e-03,-8.666667e-05,5.933333e-04
-7.020000e-04,3.015133e-01,7.933333e-04,7.200000e-04,2.000000e-05
-7.000000e-04,3.010467e-01,1.140000e-03,1.400000e-04,-9.333334e-05
-6.980000e-04,3.010467e-01,5.600000e-04,7.200000e-04,3.600000e-04
-6.960000e-04,3.016267e-01,1.140000e-03,6.000000e-04,3.600000e-04
-6.940000e-04,3.016267e-01,4.400000e-04,4.866667e-04,3.600000e-04
-6.920000e-04,3.013933e-01,6.733334e-04,1.180000e-03,2.466667e-04
-6.900000e-04,3.011667e-01,5.600000e-04,4.866667e-04,1.740000e-03
-6.880000e-04,3.005867e-01,1.373333e-03,3.733333e-04,4.800000e-04
-6.860000e-04,3.013933e-01,4.400000e-04,7.200000e-04,3.600000e-04
-6.840000e-04,3.010467e-01,5.600000e-04,1.180000e-03,2.466667e-04
-6.820000e-04,3.018600e-01,7.933333e-04,3.733333e-04,-5.533333e-04
-6.800000e-04,3.020867e-01,7.933333e-04,2.600000e-04,1.333333e-04
-6.780000e-04,3.018600e-01,1.020000e-03,8.333334e-04,2.466667e-04
-6.760000e-04,3.013933e-01,1.140000e-03,1.400000e-04,4.800000e-04
-6.740000e-04,3.015133e-01,3.266667e-04,4.866667e-04,-2.133333e-04
-6.720000e-04,3.009333e-01,9.066667e-04,-8.666667e-05,2.466667e-04
-6.700000e-04,3.015133e-01,7.933333e-04,6.000000e-04,4.800000e-04
-6.680000e-04,3.009333e-01,1.020000e-03,-8.666667e-05,-9.333334e-05
-6.660000e-04,3.022067e-01,-1.333333e-04,3.733333e-04,1.333333e-04
-6.640000e-04,3.012800e-01,9.066667e-04,9.466666e-04,2.466667e-04
-6.620000e-04,3.018600e-01,7.933333e-04,4.866667e-04,4.800000e-04
-6.600000e-04,3.015133e-01,1.020000e-03,3.733333e-04,4.800000e-04
-6.580000e-04,3.025533e-01,4.400000e-04,4.866667e-04,2.466667e-04
-6.560000e-04,3.022067e-01,7.933333e-04,1.400000e-04,4.800000e-04
-6.540000e-04,3.018600e-01,1.020000e-03,3.733333e-04,1.166667e-03
-6.520000e-04,3.013933e-01,4.400000e-04,9.466666e-04,3.600000e-04
-6.500000e-04,3.018600e-01,6.733334e-04,1.400000e-04,3.600000e-04
-6.480000e-04,3.017400e-01,7.933333e-04,2.600000e-04,2.000000e-05
-6.460000e-04,3.017400e-01,3.266667e-04,4.866667e-04,3.600000e-04
-6.440000e-04,3.015133e-01,5.600000e-04,4.866667e-04,1.333333e-04
-6.420000e-04,3.015133e-01,4.400000e-04,9.466666e-04,-2.133333e-04
-6.400000e-04,3.013933e-01,7.933333e-04,4.866667e-04,1.333333e-04
-6.380000e-04,3.015133e-01,3.266667e-04,9.466666e-04,3.600000e-04
-6.360000e-04,3.005867e-01,5.600000e-04,9.466666e-04,7.066667e-04
-6.340000e-04,3.018600e-01,4.400000e-04,6.000000e-04,2.466667e-04
-6.320000e-04,3.019733e-01,1.140000e-03,1.400000e-04,2.466667e-04
-6.300000e-04,3.018600e-01,6.733334e-04,1.400000e-04,1.166667e-03
-6.280000e-04,3.013933e-01,1.020000e-03,-2.000000e-04,-5.533333e-04
-6.260000e-04,3.017400e-01,1.020000e-03,7.200000e-04,1.166667e-03
-6.240000e-04,3.008200e-01,9.066667e-04,4.866667e-04,2.466667e-04
-6.220000e-04,3.015133e-01,3.266667e-04,4.866667e-04,5.933333e-04
-6.200000e-04,3.012800e-01,7.933333e-04,-1.813333e-03,-9.333334e-05
-6.180000e-04,3.011667e-01,-2.000000e-05,4.866667e-04,1.333333e-04
-6.160000e-04,3.011667e-01,9.066667e-04,1.400000e-04,1.333333e-04
-6.140000e-04,3.015133e-01,5.600000e-04,9.466666e-04,2.000000e-05
-6.120000e-04,3.015133e-01,1.020000e-03,-2.000000e-04,-4.400000e-04
-6.100000e-04,3.016267e-01,5.600000e-04,1.400000e-04,-4.400000e-04
-6.080000e-04,3.010467e-01,7.933333e-04,8.333334e-04,2.466667e-04
-6.060000e-04,3.020867e-01,6.733334e-04,4.866667e-04,1.166667e-03
-6.040000e-04,3.016267e-01,5.600000e-04,2.666667e-05,-4.400000e-04
-6.020000e-04,3.022067e-01,2.133333e-04,1.060000e-03,2.466667e-04
-6.000000e-04,3.022067e-01,4.400000e-04,-7.800000e-04,2.000000e-05
-5.980000e-04,3.022067e-01,7.933333e-04,6.000000e-04,-9.333334e-05
-5.960000e-04,3.013933e-01,5.600000e-04,2.600000e-04,2.466667e-04
-5.940000e-04,3.015133e-01,3.266667e-04,9.466666e-04,1.333333e-04
-5.920000e-04,3.009333e-01,5.600000e-04,9.466666e-04,3.600000e-04
-5.900000e-04,3.018600e-01,6.733334e-04,4.866667e-04,3.600000e-04
-5.880000e-04,3.010467e-01,6.733334e-04,4.866667e-04,2.000000e-05
-5.860000e-04,3.018600e-01,4.400000e-04,4.866667e-04,2.466667e-04
-5.840000e-04,3.019733e-01,4.400000e-04,7.200000e-04,2.466667e-04
-5.820000e-04,3.019733e-01,7.933333e-04,7.200000e-04,8.200000e-04
-5.800000e-04,3.022067e-01,7.933333e-04,2.600000e-04,-9.333334e-05
-5.780000e-04,3.018600e-01,4.400000e-04,3.733333e-04,4.800000e-04
-5.760000e-04,3.013933e-01,6.733334e-04,3.733333e-04,1.333333e-04
-5.740000e-04,3.010467e-01,3.266667e-04,6.000000e-04,-4.400000e-04
-5.720000e-04,3.009333e-01,5.600000e-04,3.733333e-04,2.466667e-04
-5.700000e-04,3.015133e-01,6.733334e-04,3.733333e-04,2.000000e-05
-5.680000e-04,3.015133e-01,7.933333e-04,2.666667e-05,4.800000e-04
-5.660000e-04,3.016267e-01,-2.000000e-05,4.866667e-04,4.800000e-04
-5.640000e-04,3.013933e-01,9.066667e-04,-2.000000e-04,5.933333e-04
-5.620000e-04,3.020867e-01,5.600000e-04,8.333334e-04,2.000000e-05
-5.600000e-04,3.012800e-01,4.400000e-04,2.600000e-04,-9.333334e-05
-5.580000e-04,3.016267e-01,9.066667e-04,4.866667e-04,2.000000e-05
-5.560000e-04,3.016267e-01,-2.000000e-05,4.866667e-04,1.333333e-04
-5.540000e-04,3.020867e-01,5.600000e-04,7.200000e-04,3.600000e-04
-5.520000e-04,3.009333e-01,7.933333e-04,6.000000e-04,3.600000e-04
-5.500000e-04,3.019733e-01,4.400000e-04,1.293333e-03,3.600000e-04
-5.480000e-04,3.010467e-01,5.600000e-04,2.666667e-05,5.933333e-04
-5.460000e-04,3.016267e-01,7.933333e-04,3.733333e-04,-2.133333e-04
-5.440000e-04,3.011667e-01,7.933333e-04,7.200000e-04,4.800000e-04
-5.420000e-04,3.015133e-01,5.600000e-04,8.333334e-04,2.000000e-05
-5.400000e-04,3.007067e-01,4.400000e-04,2.666667e-05,2.466667e-04
-5.380000e-04,3.017400e-01,9.066667e-04,1.520000e-03,2.000000e-05
-5.360000e-04,3.010467e-01,1.140000e-03,3.733333e-04,2.000000e-05
-5.340000e-04,3.020867e-01,4.400000e-04,-8.666667e-05,2.466667e-04
-5.320000e-04,3.010467e-01,5.600000e-04,1.293333e-03,4.800000e-04
-5.300000e-04,3.022067e-01,7.933333e-04,1.400000e-04,2.466667e-04
-5.280000e-04,3.009333e-01,3.266667e-04,1.400000e-04,1.333333e-04
-5.260000e-04,3.018600e-01,4.400000e-04,7.200000e-04,1.513333e-03
-5.240000e-04,3.010467e-01,3.266667e-04,2.666667e-05,-9.333334e-05
-5.220000e-04,3.019733e-01,7.933333e-04,7.200000e-04,3.600000e-04
-5.200000e-04,3.017400e-01,1.140000e-03,2.600000e-04,3.600000e-04
-5.180000e-04,3.015133e-01,4.400000e-04,7.200000e-04,2.466667e-04
-5.160000e-04,3.010467e-01,1.373333e-03,-7.800000e-04,-2.133333e-04
-5.140000e-04,3.015133e-01,5.600000e-04,4.866667e-04,-9.333334e-05
-5.120000e-04,3.008200e-01,9.066667e-04,7.200000e-04,-3.266667e-04
-5.100000e-04,3.019733e-01,7.933333e-04,7.200000e-04,-4.400000e-04
-5.080000e-04,3.016267e-01,7.933333e-04,6.000000e-04,2.000000e-05
-5.060000e-04,3.012800e-01,9.066667e-04,1.400000e-04,-9.000000e-04
-5.040000e-04,3.019733e-01,1.020000e-03,2.666667e-05,4.800000e-04
-5.020000e-04,3.020867e-01,4.400000e-04,8.333334e-04,3.600000e-04
-5.000000e-04,1.781333e-01,7.933333e-04,4.866667e-04,2.466667e-04
-4.980000e-04,4.552000e-02,3.266667e-04,4.866667e-04,-3.266667e-04
-4.960000e-04,1.135333e-02,6.733334e-04,1.400000e-04,2.000000e-05
-4.940000e-04,4.200000e-03,4.400000e-04,1.060000e-03,-2.133333e-04
-4.920000e-04,2.006667e-03,9.066667e-04,2.600000e-04,-2.133333e-04
-4.900000e-04,1.426667e-03,7.933333e-04,1.060000e-03,3.600000e-04
-4.880000e-04,8.533333e-04,7.933333e-04,3.733333e-04,-9.333334e-05
-4.860000e-04,1.546667e-03,1.140000e-03,8.333334e-04,4.800000e-04
-4.840000e-04,1.426667e-03,7.933333e-04,1.400000e-04,2.466667e-04
-4.820000e-04,1.080000e-03,5.600000e-04,7.200000e-04,2.000000e-05
-4.800000e-04,2.733333e-04,5.600000e-04,-8.666667e-05,1.333333e-04
-4.780000e-04,1.773333e-03,6.733334e-04,8.333334e-04,4.800000e-04
-4.760000e-04,7.333333e-04,5.600000e-04,1.400000e-04,-9.333334e-05
-4.740000e-04,1.080000e-03,5.600000e-04,7.200000e-04,2.466667e-04
-4.720000e-04,2.733333e-04,1.020000e-03,3.733333e-04,2.466667e-04
-4.700000e-04,9.666667e-04,7.933333e-04,1.180000e-03,4.800000e-04
-4.680000e-04,3.866667e-04,5.600000e-04,1.060000e-03,2.466667e-04
-4.660000e-04,7.333333e-04,6.733334e-04,7.200000e-04,3.600000e-04
-4.640000e-04,7.333333e-04,7.933333e-04,1.400000e-04,1.333333e-04
-4.620000e-04,1.200000e-03,5.600000e-04,8.333334e-04,5.933333e-04
-4.600000e-04,5.066667e-04,5.600000e-04,3.733333e-04,2.000000e-05
-4.580000e-04,8.533333e-04,3.266667e-04,7.200000e-04,-1.126667e-03
-4.560000e-04,5.066667e-04,1.140000e-03,3.733333e-04,-9.333334e-05
-4.540000e-04,1.200000e-03,2.133333e-04,1.060000e-03,3.600000e-04
-4.520000e-04,5.066667e-04,1.140000e-03,4.866667e-04,2.000000e-05
-4.500000e-04,8.533333e-04,1.020000e-03,1.060000e-03,2.200000e-03
-4.480000e-04,6.200000e-04,4.400000e-04,2.666667e-05,2.000000e-05
-4.460000e-04,1.200000e-03,2.133333e-04,7.200000e-04,2.000000e-05
-4.440000e-04,5.066667e-04,4.400000e-04,3.733333e-04,4.800000e-04
-4.420000e-04,1.660000e-03,7.933333e-04,9.466666e-04,2.000000e-05
-4.400000e-04,2.733333e-04,1.020000e-03,2.600000e-04,2.466667e-04
-4.380000e-04,8.533333e-04,4.400000e-04,2.600000e-04,5.933333e-04
-4.360000e-04,8.533333e-04,7.933333e-04,4.866667e-04,-9.333334e-05
-4.340000e-04,9.666667e-04,3.266667e-04,7.200000e-04,2.466667e-04
-4.320000e-04,3.866667e-04,3.266667e-04,4.866667e-04,4.800000e-04
-4.300000e-04,1.426667e-03,5.600000e-04,7.200000e-04,8.200000e-04
-4.280000e-04,5.066667e-04,1.020000e-03,4.866667e-04,1.333333e-04
-4.260000e-04,1.080000e-03,7.933333e-04,9.466666e-04,7.066667e-04
-4.240000e-04,9.666667e-04,4.400000e-04,1.400000e-04,2.466667e-04
-4.220000e-04,1.546667e-03,9.333334e-05,9.466666e-04,4.800000e-04
-4.200000e-04,6.200000e-04,7.933333e-04,-8.666667e-05,-5.533333e-04
-4.180000e-04,1.546667e-03,2.133333e-04,9.466666e-04,2.466667e-04
-4.160000e-04,7.333333e-04,9.066667e-04,3.733333e-04,5.933333e-04
-4.140000e-04,1.200000e-03,7.933333e-04,1.060000e-03,2.466667e-04
-4.120000e-04,9.666667e-04,6.733334e-04,1.400000e-04,-2.133333e-04
-4.100000e-04,1.313333e-03,9.066667e-04,9.466666e-04,4.800000e-04
-4.080000e-04,1.660000e-03,9.066667e-04,2.600000e-04,-9.333334e-05
-4.060000e-04,1.426667e-03,4.400000e-04,6.000000e-04,2.466667e-04
-4.040000e-04,5.066667e-04,9.066667e-04,-8.666667e-05,2.466667e-04
-4.020000e-04,1.200000e-03,5.600000e-04,1.060000e-03,7.066667e-04
-4.000000e-04,1.600000e-04,5.600000e-04,3.733333e-04,2.466667e-04
-3.980000e-04,1.080000e-03,4.400000e-04,-8.666667e-05,4.800000e-04
-3.960000e-04,-7.333334e-05,6.733334e-04,4.866667e-04,1.333333e-04
-3.940000e-04,9.666667e-04,4.400000e-04,7.200000e-04,3.600000e-04
-3.920000e-04,2.733333e-04,9.066667e-04,3.733333e-04,1.333333e-04
-3.900000e-04,1.080000e-03,2.133333e-04,1.180000e-03,3.600000e-04
-3.880000e-04,1.600000e-04,2.133333e-04,1.180000e-03,-3.266667e-04
-3.860000e-04,6.200000e-04,7.933333e-04,9.466666e-04,4.800000e-04
-3.840000e-04,-3.000000e-04,6.733334e-04,-8.933333e-04,-5.533333e-04
-3.820000e-04,2.733333e-04,5.600000e-04,3.733333e-04,-6.733334e-04
-3.800000e-04,4.000000e-05,5.600000e-04,1.060000e-03,4.800000e-04
-3.780000e-04,6.200000e-04,9.066667e-04,7.200000e-04,2.313333e-03
-3.760000e-04,5.066667e-04,5.600000e-04,3.733333e-04,-9.333334e-05
-3.740000e-04,9.666667e-04,5.600000e-04,8.333334e-04,2.466667e-04
-3.720000e-04,7.333333e-04,2.133333e-04,1.400000e-04,-2.133333e-04
-3.700000e-04,7.333333e-04,5.600000e-04,1.060000e-03,4.800000e-04
-3.680000e-04,5.066667e-04,7.933333e-04,1.400000e-04,2.000000e-05
-3.660000e-04,8.533333e-04,4.400000e-04,7.200000e-04,3.600000e-04
-3.640000e-04,-4.200000e-04,5.600000e-04,1.400000e-04,4.800000e-04
-3.620000e-04,8.533333e-04,5.600000e-04,7.200000e-04,-4.400000e-04
-3.600000e-04,1.080000e-03,5.600000e-04,6.000000e-04,4.800000e-04
-3.580000e-04,1.313333e-03,5.600000e-04,4.866667e-04,2.466667e-04
-3.560000e-04,6.200000e-04,6.733334e-04,2.600000e-04,-9.333334e-05
-3.540000e-04,1.426667e-03,1.020000e-03,7.200000e-04,2.000000e-05
-3.520000e-04,1.600000e-04,3.266667e-04,1.400000e-04,-9.333334e-05
-3.500000e-04,3.866667e-04,7.933333e-04,8.333334e-04,3.600000e-04
-3.480000e-04,7.333333e-04,6.733334e-04,3.733333e-04,2.000000e-05
-3.460000e-04,1.426667e-03,4.400000e-04,8.333334e-04,2.000000e-05
-3.440000e-04,-7.333334e-05,1.140000e-03,3.733333e-04,2.000000e-05
-3.420000e-04,1.426667e-03,2.133333e-04,9.466666e-04,2.000000e-05
-3.400000e-04,5.066667e-04,4.400000e-04,7.200000e-04,-9.333334e-05
-3.380000e-04,1.080000e-03,7.933333e-04,-4.333333e-04,-4.400000e-04
-3.360000e-04,8.533333e-04,6.733334e-04,2.666667e-05,2.000000e-05
-3.340000e-04,1.660000e-03,4.400000e-04,3.733333e-04,2.000000e-05
-3.320000e-04,6.200000e-04,5.600000e-04,2.666667e-05,1.333333e-04
-3.300000e-04,1.426667e-03,5.600000e-04,3.733333e-04,3.600000e-04
-3.280000e-04,8.533333e-04,6.733334e-04,3.733333e-04,-2.133333e-04
-3.260000e-04,1.546667e-03,2.133333e-04,1.400000e-04,-3.266667e-04
-3.240000e-04,8.533333e-04,4.400000e-04,2.600000e-04,-9.333334e-05
-3.220000e-04,1.546667e-03,4.400000e-04,7.200000e-04,1.333333e-04
-3.200000e-04,7.333333e-04,5.600000e-04,9.466666e-04,2.466667e-04
-3.180000e-04,1.426667e-03,9.066667e-04,1.060000e-03,3.600000e-04
-3.160000e-04,7.333333e-04,4.400000e-04,2.600000e-04,1.333333e-04
-3.140000e-04,1.080000e-03,5.600000e-04,9.466666e-04,8.200000e-04
-3.120000e-04,7.333333e-04,7.933333e-04,3.733333e-04,5.933333e-04
-3.100000e-04,1.546667e-03,4.400000e-04,7.200000e-04,9.333334e-04
-3.080000e-04,2.733333e-04,1.020000e-03,1.400000e-04,1.333333e-04
-3.060000e-04,1.313333e-03,4.400000e-04,3.733333e-04,8.200000e-04
-3.040000e-04,2.733333e-04,5.600000e-04,1.400000e-04,2.000000e-05
-3.020000e-04,1.080000e-03,2.133333e-04,8.333334e-04,9.333334e-04
-3.000000e-04,3.866667e-04,1.373333e-03,-8.666667e-05,-9.333334e-05
-2.980000e-04,1.200000e-03,2.133333e-04,3.733333e-04,7.066667e-04
-2.960000e-04,2.733333e-04,5.600000e-04,-2.000000e-04,3.600000e-04
-2.940000e-04,9.666667e-04,4.400000e-04,7.200000e-04,9.333334e-04
-2.920000e-04,4.000000e-05,7.933333e-04,-8.666667e-05,-3.266667e-04
-2.900000e-04,7.333333e-04,4.400000e-04,1.180000e-03,1.393333e-03
-2.880000e-04,5.066667e-04,7.933333e-04,-1.240000e-03,-1.013333e-03
-2.860000e-04,5.066667e-04,2.133333e-04,7.200000e-04,4.800000e-04
-2.840000e-04,3.866667e-04,1.020000e-03,-2.000000e-04,2.000000e-05
-2.820000e-04,8.533333e-04,5.600000e-04,8.333334e-04,-5.533333e-04
-2.800000e-04,-1.866667e-04,4.400000e-04,2.666667e-05,2.000000e-05
-2.780000e-04,8.533333e-04,5.600000e-04,7.200000e-04,8.200000e-04
-2.760000e-04,-7.333334e-05,7.933333e-04,3.733333e-04,2.466667e-04
-2.740000e-04,6.200000e-04,3.266667e-04,8.333334e-04,5.933333e-04
-2.720000e-04,2.733333e-04,1.020000e-03,-8.666667e-05,-2.133333e-04
-2.700000e-04,5.066667e-04,1.020000e-03,-2.000000e-04,-3.266667e-04
-2.680000e-04,2.733333e-04,5.600000e-04,1.400000e-04,4.800000e-04
-2.660000e-04,1.546667e-03,-2.000000e-05,7.200000e-04,-5.533333e-04
-2.640000e-04,5.066667e-04,4.400000e-04,7.200000e-04,1.333333e-04
-2.620000e-04,1.200000e-03,7.933333e-04,9.466666e-04,7.066667e-04
-2.600000e-04,7.333333e-04,4.400000e-04,1.400000e-04,1.333333e-04
-2.580000e-04,8.533333e-04,4.400000e-04,7.200000e-04,9.333334e-04
-2.560000e-04,2.733333e-04,7.933333e-04,-2.000000e-04,-9.333334e-05
-2.540000e-04,1.200000e-03,4.400000e-04,4.866667e-04,-9.333334e-05
-2.520000e-04,7.333333e-04,5.600000e-04,4.866667e-04,-4.400000e-04
-2.500000e-04,1.426667e-03,4.400000e-04,8.333334e-04,2.466667e-04
-2.480000e-04,-7.333334e-05,7.933333e-04,-8.666667e-05,2.000000e-05
-2.460000e-04,1.426667e-03,5.600000e-04,8.333334e-04,3.600000e-04
-2.440000e-04,-7.333334e-05,5.600000e-04,9.466666e-04,7.066667e-04
-2.420000e-04,9.666667e-04,4.400000e-04,1.060000e-03,2.000000e-05
-2.400000e-04,2.733333e-04,1.373333e-03,7.200000e-04,2.466667e-04
-2.380000e-04,3.866667e-04,5.600000e-04,1.180000e-03,2.466667e-04
-2.360000e-04,9.666667e-04,2.133333e-04,4.866667e-04,2.000000e-05
-2.340000e-04,1.660000e-03,4.400000e-04,1.060000e-03,2.466667e-04
-2.320000e-04,8.533333e-04,9.066667e-04,1.400000e-04,-2.133333e-04
-2.300000e-04,1.313333e-03,2.133333e-04,9.466666e-04,2.466667e-04
-2.280000e-04,5.066667e-04,5.600000e-04,-3.200000e-04,-5.533333e-04
-2.260000e-04,8.533333e-04,5.600000e-04,6.000000e-04,4.800000e-04
-2.240000e-04,2.733333e-04,9.066667e-04,2.666667e-05,2.000000e-05
-2.220000e-04,1.200000e-03,2.133333e-04,7.200000e-04,-9.333334e-05
-2.200000e-04,2.733333e-04,6.733334e-04,2.666667e-05,-9.333334e-05
-2.180000e-04,1.546667e-03,4.400000e-04,7.200000e-04,2.000000e-05
-2.160000e-04,7.333333e-04,9.333334e-05,1.400000e-04,7.066667e-04
-2.140000e-04,9.666667e-04,6.733334e-04,1.180000e-03,3.600000e-04
-2.120000e-04,8.533333e-04,1.140000e-03,3.733333e-04,1.333333e-04
-2.100000e-04,8.533333e-04,6.733334e-04,7.200000e-04,2.466667e-04
-2.080000e-04,6.200000e-04,1.140000e-03,3.733333e-04,2.000000e-05
-2.060000e-04,9.666667e-04,-1.333333e-04,1.060000e-03,3.600000e-04
-2.040000e-04,2.733333e-04,1.373333e-03,1.400000e-04,3.600000e-04
-2.020000e-04,6.200000e-04,5.600000e-04,2.600000e-04,-9.333334e-05
-2.000000e-04,2.733333e-04,1.020000e-03,1.400000e-04,5.933333e-04
-1.980000e-04,1.546667e-03,7.933333e-04,8.333334e-04,2.086667e-03
-1.960000e-04,1.080000e-03,5.600000e-04,1.400000e-04,2.000000e-05
-1.940000e-04,1.313333e-03,4.400000e-04,7.200000e-04,9.333334e-04
-1.920000e-04,7.333333e-04,1.020000e-03,4.866667e-04,1.333333e-04
-1.900000e-04,8.533333e-04,4.400000e-04,7.200000e-04,4.800000e-04
-1.880000e-04,5.066667e-04,9.066667e-04,2.600000e-04,2.000000e-05
-1.860000e-04,9.666667e-04,-2.000000e-05,1.060000e-03,1.333333e-04
-1.840000e-04,9.666667e-04,7.933333e-04,2.600000e-04,2.000000e-05
-1.820000e-04,1.200000e-03,3.266667e-04,-8.666667e-05,-5.533333e-04
-1.800000e-04,2.733333e-04,6.733334e-04,-8.666667e-05,-3.266667e-04
-1.780000e-04,9.666667e-04,-1.333333e-04,4.866667e-04,2.466667e-04
-1.760000e-04,2.733333e-04,1.020000e-03,1.400000e-04,-4.400000e-04
-1.740000e-04,1.080000e-03,6.733334e-04,1.400000e-04,5.933333e-04
-1.720000e-04,7.333333e-04,2.133333e-04,3.733333e-04,1.053333e-03
-1.700000e-04,8.533333e-04,5.600000e-04,7.200000e-04,4.800000e-04
-1.680000e-04,2.733333e-04,5.600000e-04,4.866667e-04,3.600000e-04
-1.660000e-04,9.666667e-04,2.133333e-04,6.000000e-04,-4.400000e-04
-1.640000e-04,-7.333334e-05,4.400000e-04,4.866667e-04,-9.333334e-05
-1.620000e-04,3.866667e-04,4.400000e-04,8.333334e-04,3.600000e-04
-1.600000e-04,2.733333e-04,7.933333e-04,8.333334e-04,2.466667e-04
-1.580000e-04,1.426667e-03,4.400000e-04,4.866667e-04,1.393333e-03
-1.560000e-04,2.733333e-04,5.600000e-04,-8.666667e-05,4.800000e-04
-1.540000e-04,9.666667e-04,4.400000e-04,4.866667e-04,5.933333e-04
-1.520000e-04,2.733333e-04,6.733334e-04,-4.333333e-04,-2.133333e-04
-1.500000e-04,1.313333e-03,6.733334e-04,7.200000e-04,8.200000e-04
-1.480000e-04,7.333333e-04,5.600000e-04,1.400000e-04,1.333333e-04
-1.460000e-04,1.200000e-03,5.600000e-04,1.060000e-03,3.600000e-04
-1.440000e-04,-7.333334e-05,7.933333e-04,2.666667e-05,4.800000e-04
-1.420000e-04,9.666667e-04,4.400000e-04,9.466666e-04,1.280000e-03
-1.400000e-04,2.733333e-04,7.933333e-04,1.400000e-04,2.466667e-04
-1.380000e-04,1.080000e-03,5.600000e-04,7.200000e-04,4.800000e-04
-1.360000e-04,6.200000e-04,7.933333e-04,3.733333e-04,2.000000e-05
-1.340000e-04,1.200000e-03,-2.000000e-05,7.200000e-04,8.200000e-04
-1.320000e-04,8.533333e-04,1.020000e-03,-8.666667e-05,2.466667e-04
-1.300000e-04,1.200000e-03,4.400000e-04,6.000000e-04,8.200000e-04
-1.280000e-04,9.666667e-04,9.066667e-04,1.400000e-04,2.000000e-05
-1.260000e-04,1.426667e-03,7.933333e-04,-8.666667e-05,-5.533333e-04
-1.240000e-04,1.080000e-03,5.600000e-04,2.600000e-04,2.466667e-04
-1.220000e-04,9.666667e-04,5.600000e-04,4.866667e-04,9.333334e-04
-1.200000e-04,5.066667e-04,9.066667e-04,1.400000e-04,-9.333334e-05
-1.180000e-04,2.006667e-03,4.400000e-04,7.200000e-04,2.466667e-04
-1.160000e-04,9.666667e-04,7.933333e-04,4.866667e-04,-4.400000e-04
-1.140000e-04,1.660000e-03,9.333334e-05,9.466666e-04,2.000000e-05
-1.120000e-04,5.066667e-04,5.600000e-04,1.400000e-04,3.600000e-04
-1.100000e-04,1.200000e-03,3.266667e-04,3.733333e-04,2.466667e-04
-1.080000e-04,5.066667e-04,6.733334e-04,1.400000e-04,4.800000e-04
-1.060000e-04,1.546667e-03,4.400000e-04,-5.466667e-04,5.933333e-04
-1.040000e-04,-4.200000e-04,4.400000e-04,4.866667e-04,1.333333e-04
-1.020000e-04,1.200000e-03,4.400000e-04,6.000000e-04,-5.533333e-04
-1.000000e-04,1.600000e-04,1.140000e-03,1.400000e-04,2.000000e-05
-9.800000e-05,8.533333e-04,5.600000e-04,2.600000e-04,-6.733334e-04
-9.600000e-05,1.600000e-04,7.933333e-04,-3.200000e-04,-7.866666e-04
-9.400000e-05,1.200000e-03,5.600000e-04,1.400000e-04,-1.126667e-03
-9.200000e-05,-4.200000e-04,1.020000e-03,-8.666667e-05,2.466667e-04
-9.000000e-05,9.666667e-04,2.133333e-04,9.466666e-04,5.933333e-04
-8.800000e-05,5.066667e-04,7.933333e-04,-1.006667e-03,-1.013333e-03
-8.600000e-05,8.533333e-04,3.266667e-04,1.293333e-03,4.800000e-04
-8.400000e-05,-7.333334e-05,7.933333e-04,-8.666667e-05,-3.266667e-04
-8.200000e-05,5.066667e-04,1.140000e-03,1.060000e-03,4.800000e-04
-8.000000e-05,2.733333e-04,1.253333e-03,-5.466667e-04,2.000000e-05
-7.800000e-05,3.866667e-04,5.600000e-04,3.733333e-04,-9.333334e-05
-7.600000e-05,-7.333334e-05,5.600000e-04,-8.666667e-05,1.333333e-04
-7.400000e-05,3.866667e-04,2.133333e-04,3.733333e-04,-1.013333e-03
-7.200000e-05,2.733333e-04,1.140000e-03,3.733333e-04,2.466667e-04
-7.000000e-05,8.533333e-04,7.933333e-04,9.466666e-04,1.393333e-03
-6.800000e-05,9.666667e-04,6.733334e-04,3.733333e-04,-4.400000e-04
-6.600000e-05,1.080000e-03,3.266667e-04,2.600000e-04,4.800000e-04
-6.400000e-05,2.733333e-04,7.933333e-04,1.400000e-04,2.466667e-04
-6.200000e-05,9.666667e-04,1.020000e-03,7.200000e-04,3.600000e-04
-6.000000e-05,5.066667e-04,7.933333e-04,-2.000000e-04,2.000000e-05
-5.800000e-05,1.426667e-03,3.266667e-04,9.466666e-04,8.200000e-04
-5.600000e-05,5.066667e-04,4.400000e-04,-8.666667e-05,2.466667e-04
-5.400000e-05,8.533333e-04,2.133333e-04,3.733333e-04,5.933333e-04
-5.200000e-05,5.066667e-04,1.253333e-03,4.866667e-04,4.800000e-04
-5.000000e-05,1.080000e-03,5.600000e-04,7.200000e-04,4.800000e-04
-4.800000e-05,8.533333e-04,3.266667e-04,3.733333e-04,4.800000e-04
-4.600000e-05,1.200000e-03,1.020000e-03,4.866667e-04,-9.000000e-04
-4.400000e-05,5.066667e-04,5.600000e-04,-2.000000e-04,2.466667e-04
-4.200000e-05,1.080000e-03,5.600000e-04,-8.666667e-05,-9.333334e-05
-4.000000e-05,3.866667e-04,4.400000e-04,-5.466667e-04,-4.400000e-04
-3.800000e-05,8.533333e-04,-2.000000e-05,9.466666e-04,5.933333e-04
-3.600000e-05,-3.000000e-04,5.600000e-04,4.866667e-04,-2.133333e-04
-3.400000e-05,9.666667e-04,7.933333e-04,1.060000e-03,4.800000e-04
-3.200000e-05,7.333333e-04,4.400000e-04,4.866667e-04,2.000000e-05
-3.000000e-05,1.426667e-03,6.733334e-04,1.293333e-03,1.333333e-04
-2.800000e-05,2.733333e-04,-2.000000e-05,2.666667e-05,1.333333e-04
-2.600000e-05,1.426667e-03,2.133333e-04,1.180000e-03,8.200000e-04
-2.400000e-05,8.533333e-04,6.733334e-04,1.400000e-04,2.466667e-04
-2.200000e-05,1.426667e-03,6.733334e-04,8.333334e-04,5.933333e-04
-2.000000e-05,1.600000e-04,7.933333e-04,3.733333e-04,2.000000e-05
-1.800000e-05,1.200000e-03,5.600000e-04,1.293333e-03,8.200000e-04
-1.600000e-05,3.866667e-04,6.733334e-04,8.333334e-04,4.800000e-04
-1.400000e-05,1.313333e-03,1.020000e-03,8.333334e-04,1.513333e-03
-1.200000e-05,1.313333e-03,9.066667e-04,-8.666667e-05,-9.333334e-05
-1.000000e-05,1.426667e-03,4.400000e-04,1.180000e-03,4.800000e-04
-8.000000e-06,1.080000e-03,9.066667e-04,2.666667e-05,2.466667e-04
-6.000000e-06,1.546667e-03,6.733334e-04,7.200000e-04,1.333333e-04
-4.000000e-06,7.333333e-04,1.020000e-03,3.733333e-04,4.800000e-04
-2.000000e-06,1.426667e-03,7.933333e-04,1.293333e-03,7.066667e-04
1.120201e-17,1.248067e-01,9.066667e-04,1.400000e-04,4.800000e-04
2.000000e-06,2.576533e-01,7.933333e-04,1.293333e-03,4.800000e-04
4.000000e-06,2.898533e-01,7.933333e-04,7.200000e-04,1.053333e-03
6.000000e-06,2.988600e-01,2.133333e-04,7.200000e-04,2.000000e-05
8.000000e-06,3.002400e-01,1.140000e-03,6.000000e-04,2.466667e-04
1.000000e-05,3.012800e-01,4.400000e-04,2.600000e-04,8.200000e-04
1.200000e-05,3.010467e-01,5.600000e-04,1.400000e-04,8.200000e-04
1.400000e-05,3.012800e-01,9.333334e-05,1.060000e-03,-9.333334e-05
1.600000e-05,3.011667e-01,5.600000e-04,3.733333e-04,1.333333e-04
1.800000e-05,3.015133e-01,6.733334e-04,4.866667e-04,4.800000e-04
2.000000e-05,3.011667e-01,1.020000e-03,-8.666667e-05,5.933333e-04
2.200000e-05,3.009333e-01,7.933333e-04,7.200000e-04,2.466667e-04
2.400000e-05,3.016267e-01,2.133333e-04,4.866667e-04,2.466667e-04
2.600000e-05,3.010467e-01,6.733334e-04,3.733333e-04,2.466667e-04
2.800000e-05,3.008200e-01,7.933333e-04,2.666667e-05,3.600000e-04
3.000000e-05,3.008200e-01,9.333334e-05,7.200000e-04,4.800000e-04
3.200000e-05,3.005867e-01,5.600000e-04,3.733333e-04,4.800000e-04
3.400000e-05,3.015133e-01,5.600000e-04,9.466666e-04,3.600000e-04
3.600000e-05,3.010467e-01,5.600000e-04,6.000000e-04,2.466667e-04
3.800000e-05,3.011667e-01,4.400000e-04,6.000000e-04,4.800000e-04
4.000000e-05,3.011667e-01,6.733334e-04,-8.666667e-05,1.333333e-04
4.200000e-05,3.019733e-01,2.133333e-04,3.733333e-04,3.600000e-04
4.400000e-05,3.008200e-01,1.140000e-03,3.733333e-04,3.600000e-04
4.600000e-05,3.010467e-01,6.733334e-04,1.060000e-03,1.333333e-04
4.800000e-05,3.011667e-01,7.933333e-04,1.400000e-04,-9.333334e-05
5.000000e-05,3.010467e-01,7.933333e-04,3.733333e-04,4.800000e-04
5.200000e-05,3.004733e-01,9.066667e-04,1.400000e-04,2.466667e-04
5.400000e-05,3.010467e-01,4.400000e-04,4.866667e-04,-9.333334e-05
5.600000e-05,3.002400e-01,1.020000e-03,7.200000e-04,4.800000e-04
5.800000e-05,3.011667e-01,9.333334e-05,4.866667e-04,2.466667e-04
6.000000e-05,3.005867e-01,9.066667e-04,1.400000e-04,2.466667e-04
6.200000e-05,3.010467e-01,5.600000e-04,9.466666e-04,-3.266667e-04
6.400000e-05,3.004733e-01,6.733334e-04,9.466666e-04,2.000000e-05
6.600000e-05,3.011667e-01,3.266667e-04,1.400000e-04,5.933333e-04
6.800000e-05,3.011667e-01,7.933333e-04,2.666667e-05,2.000000e-05
7.000000e-05,3.020867e-01,4.400000e-04,1.400000e-04,-4.400000e-04
7.200000e-05,3.008200e-01,1.140000e-03,-3.200000e-04,2.466667e-04
7.400000e-05,3.018600e-01,9.066667e-04,6.000000e-04,2.466667e-04
7.600000e-05,3.013933e-01,1.020000e-03,4.866667e-04,2.466667e-04
7.800000e-05,3.011667e-01,4.400000e-04,3.733333e-04,4.800000e-04
8.000000e-05,3.007067e-01,1.140000e-03,3.733333e-04,2.466667e-04
8.200000e-05,3.013933e-01,7.933333e-04,8.333334e-04,4.800000e-04
8.400000e-05,3.016267e-01,5.600000e-04,3.733333e-04,9.333334e-04
8.600000e-05,3.018600e-01,2.133333e-04,4.866667e-04,4.800000e-04
8.800000e-05,3.007067e-01,4.400000e-04,1.400000e-04,1.333333e-04
9.000000e-05,3.010467e-01,7.933333e-04,2.600000e-04,-3.266667e-04
9.200000e-05,3.010467e-01,1.140000e-03,-1.240000e-03,-2.133333e-04
9.400000e-05,3.015133e-01,4.400000e-04,4.866667e-04,1.333333e-04
9.600000e-05,3.010467e-01,5.600000e-04,-8.666667e-05,3.600000e-04
9.800000e-05,3.023200e-01,4.400000e-04,-8.666667e-05,1.333333e-04
1.000000e-04,3.008200e-01,1.253333e-03,3.733333e-04,5.933333e-04
1.020000e-04,3.016267e-01,6.733334e-04,9.466666e-04,1.333333e-04
1.040000e-04,3.016267e-01,1.140000e-03,1.400000e-04,5.933333e-04
1.060000e-04,3.020867e-01,5.600000e-04,1.293333e-03,1.513333e-03
1.080000e-04,3.012800e-01,7.933333e-04,3.733333e-04,1.333333e-04
1.100000e-04,3.009333e-01,-2.000000e-05,8.333334e-04,-2.133333e-04
1.120000e-04,3.011667e-01,5.600000e-04,4.866667e-04,8.200000e-04
1.140000e-04,3.020867e-01,6.733334e-04,7.200000e-04,-9.333334e-05
1.160000e-04,3.008200e-01,7.933333e-04,4.866667e-04,3.600000e-04
1.180000e-04,3.022067e-01,7.933333e-04,3.733333e-04,-3.266667e-04
1.200000e-04,3.016267e-01,9.066667e-04,-6.600000e-04,-5.533333e-04
1.220000e-04,3.015133e-01,5.600000e-04,6.000000e-04,1.333333e-04
1.240000e-04,3.010467e-01,9.333334e-05,1.400000e-04,-2.133333e-04
1.260000e-04,3.019733e-01,5.600000e-04,3.733333e-04,2.466667e-04
1.280000e-04,3.015133e-01,1.020000e-03,-1.006667e-03,-6.733334e-04
1.300000e-04,3.017400e-01,6.733334e-04,1.180000e-03,2.466667e-04
1.320000e-04,3.008200e-01,1.140000e-03,1.400000e-04,2.000000e-05
1.340000e-04,3.017400e-01,4.400000e-04,1.400000e-04,2.000000e-05
1.360000e-04,3.011667e-01,5.600000e-04,8.333334e-04,2.000000e-05
1.380000e-04,3.016267e-01,3.266667e-04,4.866667e-04,2.000000e-05
1.400000e-04,3.013933e-01,5.600000e-04,1.400000e-04,2.466667e-04
1.420000e-04,3.015133e-01,5.600000e-04,4.866667e-04,-9.333334e-05
1.440000e-04,3.009333e-01,7.933333e-04,3.733333e-04,2.000000e-05
1.460000e-04,3.011667e-01,4.400000e-04,1.060000e-03,2.000000e-05
1.480000e-04,3.007067e-01,5.600000e-04,7.200000e-04,2.466667e-04
1.500000e-04,3.012800e-01,6.733334e-04,4.866667e-04,-7.866666e-04
1.520000e-04,3.010467e-01,1.140000e-03,-2.000000e-04,4.800000e-04
1.540000e-04,3.015133e-01,6.733334e-04,-2.000000e-04,2.000000e-05
1.560000e-04,3.013933e-01,3.266667e-04,-2.000000e-04,2.466667e-04
1.580000e-04,3.012800e-01,4.400000e-04,4.866667e-04,4.800000e-04
1.600000e-04,3.011667e-01,9.333334e-05,1.400000e-04,3.600000e-04
1.620000e-04,3.015133e-01,4.400000e-04,3.733333e-04,2.000000e-05
1.640000e-04,3.011667e-01,5.600000e-04,3.733333e-04,2.466667e-04
1.660000e-04,3.017400e-01,-2.000000e-05,8.333334e-04,2.466667e-04
1.680000e-04,3.016267e-01,9.066667e-04,2.600000e-04,4.800000e-04
1.700000e-04,3.017400e-01,2.133333e-04,3.733333e-04,2.466667e-04
1.720000e-04,3.018600e-01,1.140000e-03,3.733333e-04,5.933333e-04
1.740000e-04,3.022067e-01,3.266667e-04,9.466666e-04,2.466667e-04
1.760000e-04,3.010467e-01,4.400000e-04,9.466666e-04,2.466667e-04
1.780000e-04,3.017400e-01,2.133333e-04,4.866667e-04,3.600000e-04
1.800000e-04,3.016267e-01,6.733334e-04,3.733333e-04,-9.333334e-05
1.820000e-04,3.019733e-01,7.933333e-04,2.600000e-04,-9.333334e-05
1.840000e-04,3.011667e-01,5.600000e-04,-4.333333e-04,2.000000e-05
1.860000e-04,3.015133e-01,-2.000000e-05,7.200000e-04,1.053333e-03
1.880000e-04,3.011667e-01,5.600000e-04,3.733333e-04,1.333333e-04
1.900000e-04,3.015133e-01,9.333334e-05,1.400000e-04,4.800000e-04
1.920000e-04,3.008200e-01,7.933333e-04,7.200000e-04,1.053333e-03
1.940000e-04,3.016267e-01,9.333334e-05,1.400000e-04,-4.400000e-04
1.960000e-04,3.013933e-01,5.600000e-04,-2.000000e-04,3.600000e-04
1.980000e-04,3.016267e-01,6.733334e-04,7.200000e-04,4.800000e-04
2.000000e-04,3.011667e-01,6.733334e-04,4.866667e-04,2.000000e-05
2.020000e-04,3.016267e-01,5.600000e-04,4.866667e-04,2.466667e-04
2.040000e-04,3.011667e-01,7.933333e-04,2.666667e-05,2.000000e-05
2.060000e-04,3.008200e-01,4.400000e-04,1.400000e-04,8.200000e-04
2.080000e-04,3.008200e-01,1.140000e-03,1.400000e-04,2.000000e-05
2.100000e-04,3.020867e-01,3.266667e-04,1.180000e-03,2.000000e-05
2.120000e-04,3.013933e-01,7.933333e-04,2.666667e-05,3.600000e-04
2.140000e-04,3.018600e-01,5.600000e-04,1.400000e-04,2.466667e-04
2.160000e-04,3.020867e-01,4.400000e-04,2.600000e-04,2.000000e-05
2.180000e-04,3.022067e-01,5.600000e-04,7.200000e-04,2.466667e-04
2.200000e-04,3.011667e-01,1.020000e-03,1.400000e-04,4.800000e-04
2.220000e-04,3.015133e-01,6.733334e-04,9.466666e-04,2.466667e-04
2.240000e-04,3.011667e-01,7.933333e-04,3.733333e-04,1.333333e-04
2.260000e-04,3.017400e-01,5.600000e-04,7.200000e-04,2.000000e-05
2.280000e-04,3.017400e-01,5.600000e-04,1.400000e-04,-9.333334e-05
2.300000e-04,3.020867e-01,7.933333e-04,7.200000e-04,2.466667e-04
2.320000e-04,3.023200e-01,1.020000e-03,7.200000e-04,-9.333334e-05
2.340000e-04,3.013933e-01,2.133333e-04,6.000000e-04,-9.333334e-05
2.360000e-04,3.011667e-01,1.020000e-03,3.733333e-04,3.600000e-04
2.380000e-04,3.016267e-01,7.933333e-04,-8.666667e-05,2.466667e-04
2.400000e-04,3.011667e-01,7.933333e-04,7.200000e-04,4.800000e-04
2.420000e-04,3.016267e-01,2.133333e-04,1.060000e-03,-9.333334e-05
2.440000e-04,3.011667e-01,7.933333e-04,2.666667e-05,-4.400000e-04
2.460000e-04,3.013933e-01,3.266667e-04,3.733333e-04,2.000000e-05
2.480000e-04,3.012800e-01,5.600000e-04,-8.666667e-05,4.800000e-04
2.500000e-04,3.020867e-01,2.133333e-04,9.466666e-04,2.000000e-05
2.520000e-04,3.013933e-01,6.733334e-04,2.600000e-04,1.333333e-04
2.540000e-04,3.016267e-01,-2.000000e-05,9.466666e-04,-9.333334e-05
2.560000e-04,3.016267e-01,7.933333e-04,1.400000e-04,8.200000e-04
2.580000e-04,3.015133e-01,7.933333e-04,9.466666e-04,2.466667e-04
2.600000e-04,3.017400e-01,3.266667e-04,3.733333e-04,1.333333e-04
2.620000e-04,3.013933e-01,4.400000e-04,3.733333e-04,1.053333e-03
2.640000e-04,3.017400e-01,1.020000e-03,-8.666667e-05,-2.133333e-04
2.660000e-04,3.016267e-01,2.133333e-04,4.866667e-04,4.800000e-04
2.680000e-04,3.013933e-01,1.140000e-03,3.733333e-04,2.000000e-05
2.700000e-04,3.015133e-01,3.266667e-04,1.400000e-04,2.466667e-04
2.720000e-04,3.017400e-01,1.020000e-03,1.400000e-04,-3.266667e-04
2.740000e-04,3.015133e-01,4.400000e-04,2.666667e-05,-2.133333e-04
2.760000e-04,3.010467e-01,1.140000e-03,4.866667e-04,-9.333334e-05
2.780000e-04,3.010467e-01,7.933333e-04,9.466666e-04,3.600000e-04
2.800000e-04,3.007067e-01,1.020000e-03,4.866667e-04,4.800000e-04
2.820000e-04,3.018600e-01,4.400000e-04,1.060000e-03,2.000000e-05
2.840000e-04,3.013933e-01,1.140000e-03,1.400000e-04,2.466667e-04
2.860000e-04,3.018600e-01,5.600000e-04,8.333334e-04,-3.266667e-04
2.880000e-04,3.012800e-01,7.933333e-04,3.733333e-04,2.466667e-04
2.900000e-04,3.018600e-01,3.266667e-04,1.060000e-03,4.800000e-04
2.920000e-04,3.011667e-01,7.933333e-04,4.866667e-04,2.000000e-05
2.940000e-04,3.008200e-01,-2.000000e-05,6.000000e-04,3.600000e-04
2.960000e-04,3.012800e-01,6.733334e-04,7.200000e-04,1.333333e-04
2.980000e-04,3.018600e-01,9.333334e-05,7.200000e-04,2.000000e-05
3.000000e-04,3.016267e-01,7.933333e-04,2.600000e-04,7.066667e-04
3.020000e-04,3.020867e-01,2.133333e-04,3.733333e-04,2.000000e-05
3.040000e-04,3.008200e-01,1.020000e-03,2.666667e-05,1.333333e-04
3.060000e-04,3.017400e-01,6.733334e-04,6.000000e-04,-9.333334e-05
3.080000e-04,3.011667e-01,9.066667e-04,4.866667e-04,2.000000e-05
3.100000e-04,3.016267e-01,2.133333e-04,9.466666e-04,4.800000e-04
3.120000e-04,3.013933e-01,1.020000e-03,2.600000e-04,5.933333e-04
3.140000e-04,3.019733e-01,4.400000e-04,6.000000e-04,3.600000e-04
3.160000e-04,3.015133e-01,6.733334e-04,9.466666e-04,8.200000e-04
3.180000e-04,3.012800e-01,5.600000e-04,7.200000e-04,1.333333e-04
3.200000e-04,3.012800e-01,9.066667e-04,1.400000e-04,7.066667e-04
3.220000e-04,3.017400e-01,2.133333e-04,7.200000e-04,-9.333334e-05
3.240000e-04,3.016267e-01,7.933333e-04,-8.666667e-05,-9.333334e-05
3.260000e-04,3.018600e-01,4.400000e-04,4.866667e-04,3.600000e-04
3.280000e-04,3.013933e-01,1.020000e-03,3.733333e-04,-9.333334e-05
3.300000e-04,3.016267e-01,6.733334e-04,4.866667e-04,9.333334e-04
3.320000e-04,3.011667e-01,9.066667e-04,-8.666667e-05,-2.133333e-04
3.340000e-04,3.018600e-01,4.400000e-04,1.060000e-03,-9.333334e-05
3.360000e-04,3.010467e-01,1.020000e-03,1.400000e-04,-9.333334e-05
3.380000e-04,3.017400e-01,7.933333e-04,-8.666667e-05,4.800000e-04
3.400000e-04,3.011667e-01,7.933333e-04,-2.000000e-04,-9.333334e-05
3.420000e-04,3.015133e-01,5.600000e-04,-5.466667e-04,-1.246667e-03
3.440000e-04,3.013933e-01,1.373333e-03,2.666667e-05,2.000000e-05
3.460000e-04,3.020867e-01,5.600000e-04,4.866667e-04,2.000000e-05
3.480000e-04,3.017400e-01,7.933333e-04,-5.466667e-04,5.933333e-04
3.500000e-04,3.020867e-01,5.600000e-04,4.866667e-04,-2.133333e-04
3.520000e-04,3.016267e-01,4.400000e-04,2.600000e-04,4.800000e-04
3.540000e-04,3.016267e-01,1.020000e-03,6.000000e-04,-9.333334e-05
3.560000e-04,3.010467e-01,-2.000000e-05,3.733333e-04,1.333333e-04
3.580000e-04,3.017400e-01,4.400000e-04,-6.600000e-04,2.466667e-04
3.600000e-04,3.010467e-01,9.066667e-04,3.733333e-04,4.800000e-04
3.620000e-04,3.016267e-01,2.133333e-04,7.200000e-04,5.933333e-04
3.640000e-04,3.008200e-01,9.066667e-04,1.400000e-04,2.466667e-04
3.660000e-04,3.009333e-01,3.266667e-04,7.200000e-04,3.600000e-04
3.680000e-04,3.009333e-01,3.266667e-04,3.733333e-04,1.333333e-04
3.700000e-04,3.009333e-01,4.400000e-04,3.733333e-04,2.000000e-05
3.720000e-04,3.012800e-01,7.933333e-04,-5.466667e-04,-5.533333e-04
3.740000e-04,3.015133e-01,4.400000e-04,-8.666667e-05,2.000000e-05
3.760000e-04,3.011667e-01,4.400000e-04,-8.666667e-05,2.000000e-05
3.780000e-04,3.018600e-01,6.733334e-04,1.400000e-04,2.000000e-05
3.800000e-04,3.009333e-01,7.933333e-04,2.600000e-04,2.466667e-04
3.820000e-04,3.016267e-01,2.133333e-04,6.000000e-04,1.166667e-03
3.840000e-04,3.010467e-01,7.933333e-04,9.466666e-04,2.466667e-04
3.860000e-04,3.016267e-01,3.266667e-04,2.600000e-04,3.600000e-04
3.880000e-04,3.005867e-01,5.600000e-04,3.733333e-04,2.466667e-04
3.900000e-04,3.013933e-01,4.400000e-04,9.466666e-04,4.800000e-04
3.920000e-04,3.010467e-01,4.400000e-04,3.733333e-04,2.466667e-04
3.940000e-04,3.012800e-01,5.600000e-04,4.866667e-04,1.853333e-03
3.960000e-04,3.016267e-01,6.733334e-04,4.866667e-04,3.600000e-04
3.980000e-04,3.023200e-01,6.733334e-04,4.866667e-04,2.000000e-05
4.000000e-04,3.012800e-01,7.933333e-04,4.866667e-04,-9.333334e-05
4.020000e-04,3.023200e-01,2.133333e-04,2.600000e-04,1.333333e-04
4.040000e-04,3.015133e-01,9.066667e-04,-2.000000e-04,2.000000e-05
4.060000e-04,3.012800e-01,2.133333e-04,9.466666e-04,2.466667e-04
4.080000e-04,3.012800e-01,9.066667e-04,3.733333e-04,2.000000e-05
4.100000e-04,3.017400e-01,7.933333e-04,7.200000e-04,2.000000e-05
4.120000e-04,3.011667e-01,1.020000e-03,1.400000e-04,1.333333e-04
4.140000e-04,3.012800e-01,5.600000e-04,7.200000e-04,1.393333e-03
4.160000e-04,3.012800e-01,6.733334e-04,3.733333e-04,3.600000e-04
4.180000e-04,3.020867e-01,2.133333e-04,2.666667e-05,-6.733334e-04
4.200000e-04,3.011667e-01,7.933333e-04,2.666667e-05,3.600000e-04
4.220000e-04,3.022067e-01,3.266667e-04,6.000000e-04,1.166667e-03
4.240000e-04,3.013933e-01,5.600000e-04,4.866667e-04,2.466667e-04
4.260000e-04,3.016267e-01,6.733334e-04,3.733333e-04,1.333333e-04
4.280000e-04,3.013933e-01,7.933333e-04,1.293333e-03,8.200000e-04
4.300000e-04,3.020867e-01,1.020000e-03,9.466666e-04,1.853333e-03
4.320000e-04,3.017400e-01,9.066667e-04,6.000000e-04,8.200000e-04
4.340000e-04,3.020867e-01,4.400000e-04,4.866667e-04,2.000000e-05
4.360000e-04,3.010467e-01,1.140000e-03,9.466666e-04,2.466667e-04
4.380000e-04,3.017400e-01,3.266667e-04,7.200000e-04,-3.266667e-04
4.400000e-04,3.010467e-01,7.933333e-04,3.733333e-04,5.933333e-04
4.420000e-04,3.018600e-01,1.020000e-03,4.866667e-04,2.466667e-04
4.440000e-04,3.010467e-01,4.400000e-04,-8.666667e-05,1.333333e-04
4.460000e-04,3.015133e-01,2.133333e-04,7.200000e-04,1.333333e-04
4.480000e-04,3.010467e-01,9.066667e-04,4.866667e-04,2.466667e-04
4.500000e-04,3.020867e-01,6.733334e-04,1.180000e-03,3.600000e-04
4.520000e-04,3.015133e-01,5.600000e-04,1.060000e-03,4.800000e-04
4.540000e-04,3.018600e-01,9.066667e-04,4.866667e-04,1.333333e-04
4.560000e-04,3.008200e-01,5.600000e-04,6.000000e-04,4.800000e-04
4.580000e-04,3.016267e-01,5.600000e-04,4.866667e-04,2.000000e-05
4.600000e-04,3.007067e-01,7.933333e-04,4.866667e-04,3.600000e-04
4.620000e-04,3.013933e-01,5.600000e-04,3.733333e-04,4.800000e-04
4.640000e-04,3.013933e-01,7.933333e-04,1.400000e-04,-4.400000e-04
4.660000e-04,3.012800e-01,2.133333e-04,4.866667e-04,-9.333334e-05
4.680000e-04,3.017400e-01,9.333334e-05,-4.333333e-04,-2.133333e-04
4.700000e-04,3.020867e-01,2.133333e-04,7.200000e-04,4.800000e-04
4.720000e-04,3.017400e-01,5.600000e-04,2.600000e-04,-4.400000e-04
4.740000e-04,3.016267e-01,5.600000e-04,8.333334e-04,3.600000e-04
4.760000e-04,3.015133e-01,1.140000e-03,3.733333e-04,2.466667e-04
4.780000e-04,3.010467e-01,5.600000e-04,9.466666e-04,2.466667e-04
4.800000e-04,3.012800e-01,1.020000e-03,-5.466667e-04,-9.333334e-05
4.820000e-04,3.019733e-01,5.600000e-04,3.733333e-04,3.600000e-04
4.840000e-04,3.009333e-01,9.066667e-04,1.400000e-04,-9.333334e-05
4.860000e-04,3.015133e-01,3.266667e-04,1.400000e-04,-2.133333e-04
4.880000e-04,3.011667e-01,1.140000e-03,-8.666667e-05,2.466667e-04
4.900000e-04,3.015133e-01,7.933333e-04,4.866667e-04,1.333333e-04
4.920000e-04,3.011667e-01,7.933333e-04,2.600000e-04,8.200000e-04
4.940000e-04,3.017400e-01,-2.000000e-05,6.000000e-04,7.066667e-04
4.960000e-04,3.015133e-01,4.400000e-04,3.733333e-04,2.000000e-05
4.980000e-04,3.015133e-01,7.933333e-04,2.600000e-04,4.800000e-04
5.000000e-04,1.777867e-01,7.933333e-04,-3.200000e-04,2.466667e-04
5.020000e-04,4.540000e-02,7.933333e-04,2.666667e-05,-5.533333e-04
5.040000e-04,1.170000e-02,7.933333e-04,-8.666667e-05,-3.266667e-04
5.060000e-04,5.120000e-03,4.400000e-04,1.400000e-04,1.513333e-03
5.080000e-04,2.233333e-03,5.600000e-04,-1.006667e-03,-1.013333e-03
5.100000e-04,2.233333e-03,6.733334e-04,7.200000e-04,-7.866666e-04
5.120000e-04,7.333333e-04,2.133333e-04,1.400000e-04,4.800000e-04
5.140000e-04,1.426667e-03,7.933333e-04,1.400000e-04,2.466667e-04
5.160000e-04,1.660000e-03,4.400000e-04,4.866667e-04,-2.133333e-04
5.180000e-04,1.313333e-03,6.733334e-04,-8.666667e-05,9.333334e-04
5.200000e-04,5.066667e-04,4.400000e-04,-8.666667e-05,-4.400000e-04
5.220000e-04,1.200000e-03,6.733334e-04,-8.666667e-05,-4.400000e-04
5.240000e-04,7.333333e-04,6.733334e-04,6.000000e-04,5.933333e-04
5.260000e-04,1.426667e-03,4.400000e-04,3.733333e-04,5.933333e-04
5.280000e-04,7.333333e-04,4.400000e-04,2.600000e-04,4.800000e-04
5.300000e-04,1.546667e-03,5.600000e-04,7.200000e-04,2.466667e-04
5.320000e-04,6.200000e-04,7.933333e-04,4.866667e-04,3.600000e-04
5.340000e-04,1.426667e-03,7.933333e-04,-8.666667e-05,-1.246667e-03
5.360000e-04,8.533333e-04,2.133333e-04,3.733333e-04,-3.266667e-04
5.380000e-04,1.426667e-03,4.400000e-04,1.520000e-03,1.513333e-03
5.400000e-04,1.600000e-04,5.600000e-04,9.466666e-04,3.600000e-04
5.420000e-04,1.426667e-03,7.933333e-04,9.466666e-04,5.933333e-04
5.440000e-04,8.533333e-04,1.140000e-03,3.733333e-04,-9.333334e-05
5.460000e-04,8.533333e-04,4.400000e-04,1.180000e-03,1.333333e-04
5.480000e-04,7.333333e-04,2.133333e-04,4.866667e-04,1.333333e-04
5.500000e-04,1.660000e-03,7.933333e-04,9.466666e-04,-2.133333e-04
5.520000e-04,9.666667e-04,7.933333e-04,1.400000e-04,4.800000e-04
5.540000e-04,1.313333e-03,5.600000e-04,1.180000e-03,2.466667e-04
5.560000e-04,1.080000e-03,7.933333e-04,1.400000e-04,-2.133333e-04
5.580000e-04,1.426667e-03,6.733334e-04,8.333334e-04,7.066667e-04
5.600000e-04,2.733333e-04,5.600000e-04,1.400000e-04,1.333333e-04
5.620000e-04,8.533333e-04,6.733334e-04,4.866667e-04,2.000000e-05
5.640000e-04,5.066667e-04,5.600000e-04,4.866667e-04,-9.333334e-05
5.660000e-04,1.080000e-03,5.600000e-04,9.466666e-04,2.000000e-05
5.680000e-04,5.066667e-04,7.933333e-04,1.400000e-04,-9.333334e-05
5.700000e-04,1.200000e-03,4.400000e-04,7.200000e-04,4.800000e-04
5.720000e-04,5.066667e-04,1.020000e-03,3.733333e-04,2.000000e-05
5.740000e-04,1.773333e-03,5.600000e-04,7.200000e-04,-1.013333e-03
5.760000e-04,8.533333e-04,5.600000e-04,1.400000e-04,2.466667e-04
5.780000e-04,9.666667e-04,7.933333e-04,-8.666667e-05,5.933333e-04
5.800000e-04,1.200000e-03,7.933333e-04,1.400000e-04,2.000000e-05
5.820000e-04,1.546667e-03,3.266667e-04,8.333334e-04,2.086667e-03
5.840000e-04,7.333333e-04,1.020000e-03,3.733333e-04,7.066667e-04
5.860000e-04,9.666667e-04,2.133333e-04,3.733333e-04,1.053333e-03
5.880000e-04,-7.333334e-05,5.600000e-04,6.000000e-04,2.000000e-05
5.900000e-04,1.080000e-03,4.400000e-04,4.866667e-04,4.800000e-04
5.920000e-04,7.333333e-04,1.020000e-03,-4.333333e-04,-4.400000e-04
5.940000e-04,1.426667e-03,7.933333e-04,9.466666e-04,4.800000e-04
5.960000e-04,8.533333e-04,1.253333e-03,2.600000e-04,5.933333e-04
5.980000e-04,1.313333e-03,7.933333e-04,1.400000e-04,1.333333e-04
6.000000e-04,8.533333e-04,6.733334e-04,4.866667e-04,1.333333e-04
6.020000e-04,8.533333e-04,4.400000e-04,1.640000e-03,4.800000e-04
6.040000e-04,5.066667e-04,7.933333e-04,-8.666667e-05,2.466667e-04
6.060000e-04,9.666667e-04,5.600000e-04,9.466666e-04,1.333333e-04
6.080000e-04,3.866667e-04,7.933333e-04,-8.666667e-05,2.000000e-05
6.100000e-04,1.080000e-03,5.600000e-04,3.733333e-04,2.466667e-04
6.120000e-04,2.733333e-04,1.140000e-03,1.400000e-04,2.466667e-04
6.140000e-04,9.666667e-04,6.733334e-04,1.293333e-03,4.800000e-04
6.160000e-04,6.200000e-04,5.600000e-04,-8.666667e-05,2.000000e-05
6.180000e-04,1.200000e-03,7.933333e-04,3.733333e-04,3.600000e-04
6.200000e-04,7.333333e-04,4.400000e-04,4.866667e-04,1.333333e-04
6.220000e-04,1.546667e-03,9.333334e-05,4.866667e-04,4.800000e-04
6.240000e-04,2.733333e-04,1.140000e-03,2.666667e-05,2.000000e-05
6.260000e-04,9.666667e-04,5.600000e-04,7.200000e-04,8.200000e-04
6.280000e-04,3.866667e-04,6.733334e-04,3.733333e-04,2.000000e-05
6.300000e-04,9.666667e-04,-2.000000e-05,4.866667e-04,8.200000e-04
6.320000e-04,8.533333e-04,7.933333e-04,-2.000000e-04,-9.333334e-05
6.340000e-04,1.200000e-03,4.400000e-04,1.400000e-04,-2.133333e-04
6.360000e-04,5.066667e-04,6.733334e-04,-8.666667e-05,2.000000e-05
6.380000e-04,8.533333e-04,2.133333e-04,9.466666e-04,4.800000e-04
6.400000e-04,1.600000e-04,9.333334e-05,9.466666e-04,5.933333e-04
6.420000e-04,2.733333e-04,7.933333e-04,3.733333e-04,1.053333e-03
6.440000e-04,-7.333334e-05,2.133333e-04,6.000000e-04,2.000000e-05
6.460000e-04,3.866667e-04,5.600000e-04,1.060000e-03,2.466667e-04
6.480000e-04,4.000000e-05,1.140000e-03,2.666667e-05,1.333333e-04
6.500000e-04,8.533333e-04,1.020000e-03,2.600000e-04,-2.133333e-04
6.520000e-04,3.866667e-04,7.933333e-04,3.733333e-04,-9.333334e-05
6.540000e-04,2.733333e-04,4.400000e-04,4.866667e-04,7.066667e-04
6.560000e-04,5.066667e-04,5.600000e-04,-5.466667e-04,2.466667e-04
6.580000e-04,2.006667e-03,2.133333e-04,1.060000e-03,1.333333e-04
6.600000e-04,7.333333e-04,5.600000e-04,1.180000e-03,2.000000e-05
6.620000e-04,6.200000e-04,3.266667e-04,4.866667e-04,1.333333e-04
6.640000e-04,5.066667e-04,7.933333e-04,-8.933333e-04,-3.266667e-04
6.660000e-04,7.333333e-04,2.133333e-04,7.200000e-04,4.800000e-04
6.680000e-04,6.200000e-04,4.400000e-04,7.200000e-04,2.000000e-05
6.700000e-04,6.200000e-04,7.933333e-04,7.200000e-04,1.333333e-04
6.720000e-04,2.733333e-04,4.400000e-04,1.400000e-04,2.000000e-05
6.740000e-04,6.200000e-04,6.733334e-04,9.466666e-04,1.853333e-03
6.760000e-04,1.600000e-04,6.733334e-04,1.400000e-04,2.466667e-04
6.780000e-04,6.200000e-04,7.933333e-04,6.000000e-04,1.740000e-03
6.800000e-04,4.000000e-05,6.733334e-04,2.666667e-05,2.000000e-05
6.820000e-04,9.666667e-04,5.600000e-04,4.866667e-04,-1.126667e-03
6.840000e-04,1.600000e-04,4.400000e-04,-5.466667e-04,-5.533333e-04
6.860000e-04,1.200000e-03,5.600000e-04,7.200000e-04,5.933333e-04
6.880000e-04,8.533333e-04,5.600000e-04,1.400000e-04,-9.333334e-05
6.900000e-04,1.200000e-03,4.400000e-04,2.600000e-04,-4.400000e-04
6.920000e-04,2.733333e-04,3.266667e-04,1.400000e-04,-3.266667e-04
6.940000e-04,1.313333e-03,7.933333e-04,-3.200000e-04,-9.333334e-05
6.960000e-04,6.200000e-04,5.600000e-04,-8.666667e-05,2.466667e-04
6.980000e-04,1.080000e-03,-2.533333e-04,6.000000e-04,-9.333334e-05
7.000000e-04,2.733333e-04,4.400000e-04,-8.666667e-05,2.000000e-05
7.020000e-04,9.666667e-04,5.600000e-04,4.866667e-04,1.333333e-04
7.040000e-04,5.066667e-04,9.066667e-04,-8.666667e-05,3.600000e-04
7.060000e-04,1.080000e-03,4.400000e-04,7.200000e-04,2.466667e-04
7.080000e-04,5.066667e-04,5.600000e-04,1.400000e-04,-9.333334e-05
7.100000e-04,1.426667e-03,6.733334e-04,7.200000e-04,-2.133333e-04
7.120000e-04,9.666667e-04,6.733334e-04,-4.333333e-04,2.000000e-05
7.140000e-04,8.533333e-04,4.400000e-04,7.200000e-04,1.280000e-03
7.160000e-04,5.066667e-04,1.020000e-03,-8.666667e-05,5.933333e-04
7.180000e-04,8.533333e-04,4.400000e-04,1.060000e-03,1.280000e-03
7.200000e-04,5.066667e-04,4.400000e-04,2.666667e-05,3.600000e-04
7.220000e-04,2.733333e-04,4.400000e-04,4.866667e-04,-9.333334e-05
7.240000e-04,1.600000e-04,1.020000e-03,1.400000e-04,-9.333334e-05
7.260000e-04,8.533333e-04,4.400000e-04,8.333334e-04,2.466667e-04
7.280000e-04,8.533333e-04,7.933333e-04,6.000000e-04,2.000000e-05
7.300000e-04,1.546667e-03,2.133333e-04,1.180000e-03,1.053333e-03
7.320000e-04,7.333333e-04,5.600000e-04,2.600000e-04,2.000000e-05
7.340000e-04,9.666667e-04,4.400000e-04,7.200000e-04,1.626667e-03
7.360000e-04,8.533333e-04,9.066667e-04,1.400000e-04,2.000000e-05
7.380000e-04,1.660000e-03,5.600000e-04,4.866667e-04,5.933333e-04
7.400000e-04,7.333333e-04,3.266667e-04,2.666667e-05,-2.133333e-04
7.420000e-04,1.200000e-03,2.133333e-04,8.333334e-04,7.066667e-04
7.440000e-04,6.200000e-04,1.140000e-03,1.400000e-04,1.333333e-04
7.460000e-04,6.200000e-04,6.733334e-04,6.000000e-04,5.933333e-04
7.480000e-04,5.066667e-04,7.933333e-04,-8.666667e-05,4.800000e-04
7.500000e-04,1.546667e-03,1.020000e-03,-2.000000e-04,-5.533333e-04
7.520000e-04,5.066667e-04,7.933333e-04,4.866667e-04,2.000000e-05
7.540000e-04,1.426667e-03,4.400000e-04,2.600000e-04,2.000000e-05
7.560000e-04,5.066667e-04,4.400000e-04,2.666667e-05,1.333333e-04
7.580000e-04,1.200000e-03,3.266667e-04,4.866667e-04,5.933333e-04
7.600000e-04,5.066667e-04,6.733334e-04,8.333334e-04,2.466667e-04
7.620000e-04,1.426667e-03,4.400000e-04,1.293333e-03,7.066667e-04
7.640000e-04,1.080000e-03,5.600000e-04,3.733333e-04,4.800000e-04
7.660000e-04,1.080000e-03,6.733334e-04,1.180000e-03,5.933333e-04
7.680000e-04,2.733333e-04,7.933333e-04,4.866667e-04,1.333333e-04
7.700000e-04,8.533333e-04,1.140000e-03,8.333334e-04,-7.866666e-04
7.720000e-04,2.733333e-04,9.066667e-04,2.666667e-05,2.466667e-04
7.740000e-04,1.200000e-03,4.400000e-04,7.200000e-04,8.200000e-04
7.760000e-04,1.600000e-04,1.020000e-03,1.400000e-04,4.800000e-04
7.780000e-04,1.546667e-03,4.400000e-04,7.200000e-04,3.600000e-04
7.800000e-04,3.866667e-04,9.066667e-04,2.600000e-04,2.466667e-04
7.820000e-04,1.200000e-03,7.933333e-04,7.200000e-04,1.393333e-03
7.840000e-04,2.733333e-04,5.600000e-04,-8.666667e-05,1.333333e-04
7.860000e-04,6.200000e-04,4.400000e-04,6.000000e-04,1.626667e-03
7.880000e-04,1.600000e-04,9.066667e-04,6.000000e-04,3.600000e-04
7.900000e-04,3.866667e-04,1.020000e-03,3.733333e-04,4.800000e-04
7.920000e-04,3.866667e-04,4.400000e-04,-4.333333e-04,-9.333334e-05
7.940000e-04,8.533333e-04,7.933333e-04,4.866667e-04,-5.533333e-04
7.960000e-04,5.066667e-04,6.733334e-04,3.733333e-04,-9.333334e-05
7.980000e-04,8.533333e-04,6.733334e-04,1.060000e-03,3.600000e-04
8.000000e-04,4.000000e-05,7.933333e-04,-8.666667e-05,2.000000e-05
8.020000e-04,1.200000e-03,5.600000e-04,7.200000e-04,2.466667e-04
8.040000e-04,7.333333e-04,4.400000e-04,3.733333e-04,-4.400000e-04
8.060000e-04,1.080000e-03,6.733334e-04,4.866667e-04,1.626667e-03
8.080000e-04,7.333333e-04,-2.000000e-05,-8.666667e-05,2.466667e-04
8.100000e-04,1.200000e-03,3.266667e-04,4.866667e-04,4.800000e-04
8.120000e-04,2.733333e-04,5.600000e-04,6.000000e-04,4.800000e-04
8.140000e-04,1.200000e-03,5.600000e-04,3.733333e-04,-5.533333e-04
8.160000e-04,1.600000e-04,1.020000e-03,-4.333333e-04,-4.400000e-04
8.180000e-04,9.666667e-04,5.600000e-04,7.200000e-04,2.466667e-04
8.200000e-04,-7.333334e-05,6.733334e-04,1.400000e-04,2.000000e-05
8.220000e-04,3.866667e-04,5.600000e-04,9.466666e-04,1.853333e-03
8.240000e-04,-4.200000e-04,1.140000e-03,-8.666667e-05,-2.133333e-04
8.260000e-04,2.733333e-04,5.600000e-04,8.333334e-04,5.933333e-04
8.280000e-04,-7.333334e-05,7.933333e-04,-8.666667e-05,-9.333334e-05
8.300000e-04,2.733333e-04,9.066667e-04,4.866667e-04,-5.533333e-04
8.320000e-04,5.066667e-04,7.933333e-04,2.666667e-05,-9.333334e-05
8.340000e-04,3.866667e-04,2.133333e-04,2.600000e-04,-3.266667e-04
8.360000e-04,3.866667e-04,1.020000e-03,2.666667e-05,-3.266667e-04
8.380000e-04,2.733333e-04,5.600000e-04,7.200000e-04,2.000000e-05
8.400000e-04,1.600000e-04,1.020000e-03,-8.666667e-05,3.600000e-04
8.420000e-04,8.533333e-04,6.733334e-04,-5.466667e-04,2.466667e-04
8.440000e-04,-7.333334e-05,1.140000e-03,4.866667e-04,-2.133333e-04
8.460000e-04,1.313333e-03,7.933333e-04,1.400000e-04,3.600000e-04
8.480000e-04,5.066667e-04,1.020000e-03,-8.666667e-05,2.000000e-05
8.500000e-04,5.066667e-04,5.600000e-04,7.200000e-04,7.066667e-04
8.520000e-04,3.866667e-04,5.600000e-04,7.200000e-04,1.333333e-04
8.540000e-04,1.313333e-03,-1.333333e-04,7.200000e-04,5.933333e-04
8.560000e-04,7.333333e-04,3.266667e-04,-2.000000e-04,2.466667e-04
8.580000e-04,1.546667e-03,5.600000e-04,4.866667e-04,4.800000e-04
8.600000e-04,5.066667e-04,9.066667e-04,-6.600000e-04,-9.333334e-05
8.620000e-04,1.660000e-03,6.733334e-04,4.866667e-04,5.933333e-04
8.640000e-04,1.080000e-03,6.733334e-04,2.600000e-04,-2.133333e-04
8.660000e-04,1.200000e-03,5.600000e-04,2.600000e-04,-1.013333e-03
8.680000e-04,6.200000e-04,4.400000e-04,4.866667e-04,2.466667e-04
8.700000e-04,1.200000e-03,-2.000000e-05,4.866667e-04,4.800000e-04
8.720000e-04,2.733333e-04,6.733334e-04,2.600000e-04,2.000000e-05
8.740000e-04,8.533333e-04,9.066667e-04,7.200000e-04,2.466667e-04
8.760000e-04,2.733333e-04,5.600000e-04,6.000000e-04,4.800000e-04
8.780000e-04,1.200000e-03,2.133333e-04,-8.666667e-05,-1.126667e-03
8.800000e-04,-7.333334e-05,3.266667e-04,-2.000000e-04,-2.133333e-04
8.820000e-04,8.533333e-04,7.933333e-04,9.466666e-04,3.600000e-04
8.840000e-04,-3.000000e-04,4.400000e-04,-2.000000e-04,-9.333334e-05
8.860000e-04,3.866667e-04,5.600000e-04,7.200000e-04,5.933333e-04
8.880000e-04,3.866667e-04,7.933333e-04,2.666667e-05,4.800000e-04
8.900000e-04,9.666667e-04,7.933333e-04,3.733333e-04,7.066667e-04
8.920000e-04,8.533333e-04,6.733334e-04,3.733333e-04,-4.400000e-04
8.940000e-04,8.533333e-04,4.400000e-04,1.400000e-04,1.053333e-03
8.960000e-04,5.066667e-04,5.600000e-04,1.400000e-04,-3.266667e-04
8.980000e-04,1.426667e-03,7.933333e-04,8.333334e-04,-9.333334e-05
9.000000e-04,7.333333e-04,5.600000e-04,3.733333e-04,-5.533333e-04
9.020000e-04,1.773333e-03,4.400000e-04,7.200000e-04,4.800000e-04
9.040000e-04,8.533333e-04,1.020000e-03,1.400000e-04,2.000000e-05
9.060000e-04,1.660000e-03,4.400000e-04,3.733333e-04,2.000000e-05
9.080000e-04,8.533333e-04,3.266667e-04,-3.200000e-04,3.600000e-04
9.100000e-04,1.200000e-03,5.600000e-04,1.400000e-04,-4.400000e-04
9.120000e-04,5.066667e-04,4.400000e-04,3.733333e-04,2.000000e-05
9.140000e-04,9.666667e-04,3.266667e-04,7.200000e-04,2.466667e-04
9.160000e-04,2.733333e-04,7.933333e-04,1.400000e-04,2.000000e-05
9.180000e-04,6.200000e-04,7.933333e-04,1.400000e-04,2.000000e-05
9.200000e-04,-7.333334e-05,6.733334e-04,-6.600000e-04,-4.400000e-04
9.220000e-04,8.533333e-04,2.133333e-04,9.466666e-04,-4.400000e-04
9.240000e-04,2.733333e-04,5.600000e-04,2.666667e-05,2.000000e-05
9.260000e-04,1.546667e-03,9.333334e-05,9.466666e-04,2.466667e-04
9.280000e-04,5.066667e-04,7.933333e-04,2.666667e-05,-5.533333e-04
9.300000e-04,1.426667e-03,7.933333e-04,4.866667e-04,2.466667e-04
9.320000e-04,8.533333e-04,7.933333e-04,-3.200000e-04,1.333333e-04
9.340000e-04,9.666667e-04,9.066667e-04,1.400000e-04,7.066667e-04
9.360000e-04,3.866667e-04,7.933333e-04,4.866667e-04,2.466667e-04
9.380000e-04,9.666667e-04,4.400000e-04,6.000000e-04,-9.333334e-05
9.400000e-04,8.533333e-04,9.066667e-04,-2.000000e-04,2.466667e-04
9.420000e-04,6.200000e-04,5.600000e-04,1.060000e-03,3.600000e-04
9.440000e-04,6.200000e-04,7.933333e-04,7.200000e-04,3.600000e-04
9.460000e-04,1.546667e-03,3.266667e-04,1.060000e-03,8.200000e-04
9.480000e-04,8.533333e-04,7.933333e-04,7.200000e-04,2.000000e-05
9.500000e-04,1.426667e-03,5.600000e-04,1.520000e-03,4.800000e-04
9.520000e-04,1.313333e-03,1.020000e-03,3.733333e-04,-9.333334e-05
9.540000e-04,1.313333e-03,4.400000e-04,7.200000e-04,3.600000e-04
9.560000e-04,1.080000e-03,9.066667e-04,-2.000000e-04,2.466667e-04
9.580000e-04,1.773333e-03,4.400000e-04,7.200000e-04,1.966667e-03
9.600000e-04,5.066667e-04,1.020000e-03,1.400000e-04,-4.400000e-04
9.620000e-04,1.200000e-03,7.933333e-04,1.180000e-03,4.800000e-04
9.640000e-04,3.866667e-04,6.733334e-04,3.733333e-04,4.800000e-04
9.660000e-04,1.546667e-03,7.933333e-04,1.060000e-03,4.800000e-04
9.680000e-04,2.733333e-04,5.600000e-04,-8.666667e-05,2.000000e-05
9.700000e-04,1.200000e-03,5.600000e-04,3.733333e-04,-9.333334e-05
9.720000e-04,5.066667e-04,7.933333e-04,1.400000e-04,2.466667e-04
9.740000e-04,1.200000e-03,3.266667e-04,9.466666e-04,5.933333e-04
9.760000e-04,5.066667e-04,-2.000000e-05,3.733333e-04,1.333333e-04
9.780000e-04,9.666667e-04,5.600000e-04,9.466666e-04,2.466667e-04
9.800000e-04,5.066667e-04,1.140000e-03,2.600000e-04,1.333333e-04
9.820000e-04,9.666667e-04,7.933333e-04,6.000000e-04,4.800000e-04
9.840000e-04,9.666667e-04,2.133333e-04,3.733333e-04,2.466667e-04
9.860000e-04,6.200000e-04,6.733334e-04,3.733333e-04,3.600000e-04
9.880000e-04,-3.000000e-04,7.933333e-04,9.466666e-04,-4.400000e-04
9.900000e-04,9.666667e-04,7.933333e-04,3.733333e-04,2.000000e-05
9.920000e-04,5.066667e-04,7.933333e-04,1.060000e-03,1.333333e-04
9.940000e-04,1.200000e-03,5.600000e-04,6.000000e-04,5.933333e-04
9.960000e-04,1.600000e-04,5.600000e-04,3.733333e-04,5.933333e-04
9.980000e-04,7.137334e-02,2.133333e-04,9.466666e-04,1.333333e-04
